<?xml version="1.0" encoding="UTF-8"?>
<ti:module xmlns:ti="http://ti.appcelerator.org" xmlns:android="http://schemas.android.com/apk/res/android">
	<!--
		Similar to tiapp.xml, but contains module/platform specific
		configuration in <iphone>, <android>, and <mobileweb> sections
	-->
	<iphone>
	</iphone>
	<android xmlns:android="http://schemas.android.com/apk/res/android">
		<manifest>
			<uses-sdk android:minSdkVersion="8" />
			<application>
				<receiver android:exported="true" android:name="ti.andinstreferrer.ReferrerBroadcastReceiver">
					<intent-filter>
						<action android:name="com.android.vending.INSTALL_REFERRER" />
					</intent-filter>
				</receiver>
			</application>
		</manifest>
	</android>
	<mobileweb>
	</mobileweb>
</ti:module>
